,Date,Word
0,2026-03-13,SIREN
1,2026-03-13,OLIVE
2,2026-03-13,NUDES
3,2026-03-13,AVERT
4,2026-03-13,RUSTS
5,2026-03-13,SONAR
6,2026-03-13,ILUVU
7,2026-03-13,RIDES
8,2026-03-13,EVERT
9,2026-03-13,NESTS
10,2026-03-12,SPASM
11,2026-03-12,KASHA
12,2026-03-12,IBEAM
14,2026-03-12,LOTUS
15,2026-03-12,SKILL
16,2026-03-12,PABLO
17,2026-03-12,ASEAT
18,2026-03-12,SHAMU
19,2026-03-12,MAMAS
20,2026-03-11,FLAPS
21,2026-03-11,RUNUP
22,2026-03-11,ANIME
23,2026-03-11,NASAL
24,2026-03-11,CREST
25,2026-03-11,FRANC
26,2026-03-11,LUNAR
27,2026-03-11,ANISE
28,2026-03-11,PUMAS
29,2026-03-11,SPELT
30,2026-03-10,CHOP
31,2026-03-10,RIPEN
32,2026-03-10,INTRO
33,2026-03-10,EDITS
34,2026-03-10,DUCHY
35,2026-03-10,CRIED
36,2026-03-10,HINDU
37,2026-03-10,OPTIC
38,2026-03-10,PERTH
39,2026-03-10,NOSY
40,2026-03-06,ACL
41,2026-03-06,BOINK
42,2026-03-06,ALLOR
43,2026-03-06,DIANA
44,2026-03-06,COB
45,2026-03-06,ABAD
46,2026-03-06,COLI
47,2026-03-06,LILAC
48,2026-03-06,NONO
49,2026-03-06,KRAB
50,2026-03-04,JIM
51,2026-03-04,DOAS
52,2026-03-04,TULIP
53,2026-03-04,REIN
54,2026-03-04,ESE
55,2026-03-04,TRE
56,2026-03-04,DUES
57,2026-03-04,JOLIE
58,2026-03-04,IAIN
59,2026-03-04,MSP
60,2026-03-03,PPP
61,2026-03-03,BRIAR
62,2026-03-03,ROUGE
63,2026-03-03,ASSES
64,2026-03-03,DEI
65,2026-03-03,BRAD
66,2026-03-03,ROSE
67,2026-03-03,PIUSI
68,2026-03-03,PAGE
69,2026-03-03,PRES
70,2026-02-27,DMV
71,2026-02-27,BREAK
72,2026-02-27,OUNCE
73,2026-02-27,NISAN
74,2026-02-27,DDAY
75,2026-02-27,BOND
76,2026-02-27,DRUID
77,2026-02-27,MENSA
78,2026-02-27,VACAY
79,2026-02-27,KEN
80,2026-02-25,FYI
81,2026-02-25,IRONY
82,2026-02-25,COSTA
83,2026-02-25,ETHEL
84,2026-02-25,HILL
85,2026-02-25,ICE
86,2026-02-25,FROTH
87,2026-02-25,YOSHI
88,2026-02-25,INTEL
89,2026-02-25,YALL
90,2026-02-25,IAN
91,2026-02-25,DROP
92,2026-02-25,MAORI
93,2026-02-25,PHASE
94,2026-02-25,PORE
95,2026-02-25,MPP
96,2026-02-25,IDAHO
97,2026-02-25,AROAR
98,2026-02-25,NORSE
99,2026-02-25,PIE
100,2026-02-23,SWIM
101,2026-02-23,CARNE
102,2026-02-23,ALIAR
103,2026-02-23,SONNY
104,2026-02-23,ANGEL
105,2026-02-23,CASA
106,2026-02-23,SALON
107,2026-02-23,WRING
108,2026-02-23,INANE
109,2026-02-23,MERYL
110,2026-02-22,ARAB
111,2026-02-22,RICE
112,2026-02-22,SIGMA
113,2026-02-22,ASHEN
114,2026-02-22,DET
115,2026-02-22,SAD
116,2026-02-22,ARISE
117,2026-02-22,RIGHT
118,2026-02-22,ACME
119,2026-02-22,BEAN
120,2026-02-19,FDA
121,2026-02-19,ALOG
122,2026-02-19,FLIRT
123,2026-02-19,OMEN
124,2026-02-19,EAR
125,2026-02-19,FOE
126,2026-02-19,ALMA
127,2026-02-19,FLIER
128,2026-02-19,DORN
129,2026-02-19,AGT
130,2026-02-19,DCA
131,2026-02-19,GRAMS
132,2026-02-19,MONAE
133,2026-02-19,OLDIE
134,2026-02-19,LYN
135,2026-02-19,GMO
136,2026-02-19,DROLL
137,2026-02-19,CANDY
138,2026-02-19,AMAIN
139,2026-02-19,SEE
140,2026-02-18,RACE
141,2026-02-18,ALOE
142,2026-02-18,HEART
143,2026-02-18,CCIV
144,2026-02-18,SHEA
145,2026-02-18,RAH
146,2026-02-18,ALECS
147,2026-02-18,COACH
148,2026-02-18,EERIE
149,2026-02-18,TVA
150,2026-02-17,PAS
151,2026-02-17,JANE
152,2026-02-17,SHOCK
153,2026-02-17,SOHO
154,2026-02-17,POS
155,2026-02-17,PJS
156,2026-02-17,AAHS
157,2026-02-17,SNOOP
158,2026-02-17,ECHO
159,2026-02-17,KOS
160,2026-02-16,LOVE
161,2026-02-16,CUPID
162,2026-02-16,OCEAN
163,2026-02-16,NILLA
164,2026-02-16,NESS
165,2026-02-16,CONN
166,2026-02-16,LUCIE
167,2026-02-16,OPELS
168,2026-02-16,VIALS
169,2026-02-16,EDNA
170,2026-02-12,KFC
171,2026-02-12,ALANI
172,2026-02-12,TONIC
173,2026-02-12,SPICE
174,2026-02-12,STUD
175,2026-02-12,KATS
176,2026-02-12,FLOPS
177,2026-02-12,CANIT
178,2026-02-12,NICU
179,2026-02-12,ICED
180,2026-02-12,PIQUE
181,2026-02-12,IVANV
182,2026-02-12,LATTE
183,2026-02-12,ONAIR
184,2026-02-12,TARE
185,2026-02-12,PILOT
186,2026-02-12,IVANA
187,2026-02-12,QATAR
188,2026-02-12,UNTIE
189,2026-02-12,EVER
190,2026-02-10,DOLLS
191,2026-02-10,OHYOU
192,2026-02-10,RADAR
193,2026-02-10,ARIDE
194,2026-02-10,AAS
195,2026-02-10,DORA
196,2026-02-10,OHARA
197,2026-02-10,LYDIA
198,2026-02-10,LOADS
199,2026-02-10,SURE
200,2026-02-10,VAST
201,2026-02-10,INTRA
202,2026-02-10,SOEUR
203,2026-02-10,AREST
204,2026-02-10,ALTS
205,2026-02-10,VISA
206,2026-02-10,ANORA
207,2026-02-10,STEEL
208,2026-02-10,TRUST
209,2026-02-10,ARTS
210,2026-02-09,SEEK
211,2026-02-09,SUAVE
212,2026-02-09,IDRIS
213,2026-02-09,RANCH
214,2026-02-09,INSTA
215,2026-02-09,SIRI
216,2026-02-09,SUDAN
217,2026-02-09,EARNS
218,2026-02-09,EVICT
219,2026-02-09,KESHA
220,2026-02-06,AFT
221,2026-02-06,MSRP
222,2026-02-06,EASES
223,2026-02-06,FRAT
224,2026-02-06,GYM
225,2026-02-06,EFG
226,2026-02-06,MARY
227,2026-02-06,ASSAM
228,2026-02-06,FRET
229,2026-02-06,TPS
230,2026-02-05,SNOW
231,2026-02-05,TIRED
232,2026-02-05,ONCEA
233,2026-02-05,READY
234,2026-02-05,MRS
235,2026-02-05,STORM
236,2026-02-05,NINER
237,2026-02-05,ORCAS
238,2026-02-05,WEED
239,2026-02-05,DAY
240,2026-02-04,DRE
241,2026-02-04,EIGHT
242,2026-02-04,MOGUL
243,2026-02-04,ITOLD
244,2026-02-04,SUR
245,2026-02-04,DEMI
246,2026-02-04,RIOT
247,2026-02-04,EGGOS
248,2026-02-04,HULU
249,2026-02-04,TLDR
250,2026-02-03,SALT
251,2026-02-03,MCRAE
252,2026-02-03,BOOMS
253,2026-02-03,ATLAS
254,2026-02-03,STER
255,2026-02-03,MBAS
256,2026-02-03,SCOTT
257,2026-02-03,AROLE
258,2026-02-03,LAMAR
259,2026-02-03,TESS
260,2026-02-01,JAW
261,2026-02-01,PLAT
262,2026-02-01,JERRY
263,2026-02-01,SEIS
264,2026-02-01,SNL
265,2026-02-01,JPJ
266,2026-02-01,ALES
267,2026-02-01,WARES
268,2026-02-01,TRIN
269,2026-02-01,YSL
270,2026-01-29,JADE
271,2026-01-29,OLIVE
272,2026-01-29,TACIT
273,2026-01-29,DEAN
274,2026-01-29,DNA
275,2026-01-29,JOT
276,2026-01-29,ALAD
277,2026-01-29,DICED
278,2026-01-29,EVIAN
279,2026-01-29,ETNA
280,2026-01-28,SLASH
281,2026-01-28,HASTA
282,2026-01-28,EPSON
283,2026-01-28,ASTRO
284,2026-01-28,SKI
285,2026-01-28,SHEA
286,2026-01-28,LAPS
287,2026-01-28,ASSTS
288,2026-01-28,STORK
289,2026-01-28,HANOI
290,2026-01-27,SPACE
291,2026-01-27,CATAN
292,2026-01-27,APART
293,2026-01-27,BARER
294,2026-01-27,SLIDE
295,2026-01-27,SCABS
296,2026-01-27,PAPAL
297,2026-01-27,ATARI
298,2026-01-27,CARED
299,2026-01-27,ENTRE
300,2026-01-27,IMPEL
301,2026-01-27,MAEVE
302,2026-01-27,DREAM
303,2026-01-27,BELLO
304,2026-01-27,SSN
305,2026-01-27,IMDB
306,2026-01-27,MARE
307,2026-01-27,PEELS
308,2026-01-27,EVALS
309,2026-01-27,LEMON
310,2026-01-25,DIOR
311,2026-01-25,INLET
312,2026-01-25,EASYA
313,2026-01-25,TWEET
314,2026-01-25,SENSE
315,2026-01-25,DIETS
316,2026-01-25,INAWE
317,2026-01-25,OLSEN
318,2026-01-25,REYES
319,2026-01-25,TATE
320,2026-01-22,PADS
321,2026-01-22,AREPA
323,2026-01-22,AMORE
324,2026-01-22,MAYE
325,2026-01-22,PANAM
326,2026-01-22,AROMA
327,2026-01-22,DECOY
328,2026-01-22,SPARE
329,2026-01-22,APE
330,2026-01-21,SAT
331,2026-01-21,SADIE
332,2026-01-21,TROTS
333,2026-01-21,DEPOP
334,2026-01-21,SETS
335,2026-01-21,STDS
336,2026-01-21,SAREE
337,2026-01-21,ADOPT
338,2026-01-21,TITOS
339,2026-01-21,ESP
340,2026-01-20,CHER
341,2026-01-20,SHAMU
342,2026-01-20,CALMS
343,2026-01-20,ALLAH
344,2026-01-20,TKO
345,2026-01-20,SCAT
346,2026-01-20,CHALK
347,2026-01-20,HALLO
348,2026-01-20,EMMA
349,2026-01-20,RUSH
350,2026-01-19,RUBIK
351,2026-01-19,ITALY
352,2026-01-19,VINYL
353,2026-01-19,ALGAE
354,2026-01-19,LES
355,2026-01-19,RIVAL
356,2026-01-19,UTILE
357,2026-01-19,BANGS
358,2026-01-19,ILYA
359,2026-01-19,KYLE
360,2026-01-18,MDST
361,2026-01-18,SEATS
362,2026-01-18,ULTRA
363,2026-01-18,CLEAR
364,2026-01-18,HOSTS
365,2026-01-18,SUCH
366,2026-01-18,MELLO
367,2026-01-18,DATES
368,2026-01-18,STRAT
369,2026-01-18,TSARS
370,2026-01-14,TRAPS
371,2026-01-14,HOLLY
372,2026-01-14,IDIOM
373,2026-01-14,JEEP
374,2026-01-14,SONS
375,2026-01-14,THIJS
376,2026-01-14,RODEO
377,2026-01-14,ALIEN
378,2026-01-14,PLOPS
379,2026-01-14,SYM
380,2026-01-14,EPS
381,2026-01-14,NOLAN
382,2026-01-14,WOODY
383,2026-01-14,RHODE
384,2026-01-14,SPY
385,2026-01-14,ENWR
386,2026-01-14,POOHS
387,2026-01-14,SLOOP
388,2026-01-14,ADDY
389,2026-01-14,NYE
390,2026-01-14,SCAB
391,2026-01-14,CARRS
392,2026-01-14,OCEAN
393,2026-01-14,TANGO
394,2026-01-14,TOAST
395,2026-01-14,SCOTT
396,2026-01-14,CACAO
397,2026-01-14,ARENA
398,2026-01-14,BRAGS
399,2026-01-14,SNOT
400,2026-01-13,ENDIT
401,2026-01-13,MAURY
402,2026-01-13,MINOR
403,2026-01-13,EVEN
404,2026-01-13,TESS
405,2026-01-13,EMMET
406,2026-01-13,NAIVE
407,2026-01-13,DUNES
408,2026-01-13,IRONS
409,2026-01-13,TYR
410,2026-01-11,FDOC
411,2026-01-11,ORBIT
412,2026-01-11,READY
413,2026-01-11,TAMES
414,2026-01-11,SMARM
415,2026-01-11,FORTS
416,2026-01-11,DREAM
417,2026-01-11,OBAMA
418,2026-01-11,CIDER
419,2026-01-11,TYSM
420,2026-01-04,TCBY
421,2026-01-04,AHA
422,2026-01-04,BINGO
423,2026-01-04,ALG
424,2026-01-04,ALOE
425,2026-01-04,TABS
426,2026-01-04,CHI
427,2026-01-04,BANAL
428,2026-01-04,GLO
429,2026-01-04,MOGE
430,2026-01-04,ADP
431,2026-01-04,JEANS
432,2026-01-04,ANNES
433,2026-01-04,RIDIN
434,2026-01-04,MAN
435,2026-01-04,AJAR
436,2026-01-04,DENIM
437,2026-01-04,PANDA
438,2026-01-04,NEIN
439,2026-01-04,SSN
440,2026-01-04,ADA
441,2026-01-04,DND
442,2026-01-04,JTERM
443,2026-01-04,OWL
444,2026-01-04,ROE
445,2026-01-04,MAJOR
446,2026-01-04,TWO
447,2026-01-04,ADELE
448,2026-01-04,DNR
449,2026-01-04,ADMIN
450,2026-01-04,IMP
451,2026-01-04,CEOS
452,2026-01-04,EARLY
453,2026-01-04,LEIA
454,2026-01-04,STY
455,2026-01-04,ICE
456,2026-01-04,MEAL
457,2026-01-04,PORES
458,2026-01-04,SLIT
459,2026-01-04,YAY
460,2026-01-04,ASP
461,2026-01-04,ALTA
462,2026-01-04,CLASH
463,2026-01-04,CARTE
464,2026-01-04,TEN
465,2026-01-04,ACC
466,2026-01-04,ALLA
467,2026-01-04,START
468,2026-01-04,PASTE
469,2026-01-04,HEN
470,2025-12-28,SABRE
471,2025-12-28,CLEAT
472,2025-12-28,ALANS
473,2025-12-28,MARTY
474,2025-12-28,PHDS
475,2025-12-28,SCAMP
476,2025-12-28,ALLAH
477,2025-12-28,BEARD
478,2025-12-28,RANTS
479,2025-12-28,ETSY
480,2025-12-28,NEW
481,2025-12-28,STOLE
482,2025-12-28,TABLE
483,2025-12-28,AILED
484,2025-12-28,GLEN
485,2025-12-28,STAG
486,2025-12-28,TAIL
487,2025-12-28,NOBLE
488,2025-12-28,ELLEN
489,2025-12-28,WEED
490,2025-12-22,JJD
491,2025-12-22,NOTUS
492,2025-12-22,EKEBY
493,2025-12-22,RERAN
494,2025-12-22,OSMIC
495,2025-12-22,NERO
496,2025-12-22,JOKES
497,2025-12-22,JTERM
498,2025-12-22,DUBAI
499,2025-12-22,SYNC
500,2025-12-22,ALIST
501,2025-12-22,POLAR
502,2025-12-22,BRINE
503,2025-12-22,SAUTE
504,2025-12-22,XMAS
505,2025-12-22,APBS
506,2025-12-22,LORAX
507,2025-12-22,ILIUM
508,2025-12-22,SANTA
509,2025-12-22,TREES
510,2025-12-22,SLAY
511,2025-12-22,RAINS
512,2025-12-22,ANVIL
513,2025-12-22,STEM
514,2025-12-22,HARE
515,2025-12-22,RASH
516,2025-12-22,SANTA
517,2025-12-22,LIVER
518,2025-12-22,ANIME
519,2025-12-22,YSL
520,2025-12-22,RED
521,2025-12-22,NAIVE
522,2025-12-22,OLDIE
523,2025-12-22,STEAM
524,2025-12-22,EARNS
525,2025-12-22,NOSE
526,2025-12-22,ALTA
527,2025-12-22,RIDER
528,2025-12-22,EVIAN
529,2025-12-22,DEEMS
530,2025-12-22,WHOS
531,2025-12-22,RATES
532,2025-12-22,ATTEN
533,2025-12-22,PEETA
534,2025-12-22,DROP
535,2025-12-22,WRAP
536,2025-12-22,HATED
537,2025-12-22,OTTER
538,2025-12-22,SEETO
539,2025-12-22,SNAP
540,2025-12-14,UNO
541,2025-12-14,MATCH
542,2025-12-14,ACHOO
543,2025-12-14,SHELL
544,2025-12-14,SORTA
545,2025-12-14,UMASS
546,2025-12-14,NACHO
547,2025-12-14,OTHER
548,2025-12-14,COLT
549,2025-12-14,HOLA
550,2025-12-07,7DAY
551,2025-12-07,BICEP
552,2025-12-07,RAISE
553,2025-12-07,ENDED
554,2025-12-07,WAYS
555,2025-12-07,7BREW
556,2025-12-07,DIANA
557,2025-12-07,ACIDY
559,2025-12-07,PED
560,2025-12-07,BUSH
561,2025-12-07,SANTA
562,2025-12-07,ARCED
563,2025-12-07,MILAN
564,2025-12-07,CELT
565,2025-12-07,SAM
566,2025-12-07,BARIC
567,2025-12-07,UNCLE
568,2025-12-07,STEAL
569,2025-12-07,HADNT
570,2025-12-07,SNOW
571,2025-12-07,MOUTH
572,2025-12-07,CARTA
573,2025-12-07,EPSOM
574,2025-12-07,DYE
575,2025-12-07,MCED
576,2025-12-07,SOAPY
577,2025-12-07,NURSE
578,2025-12-07,OTTO
579,2025-12-07,WHAM
580,2025-12-07,STAPH
581,2025-12-07,HELLO
582,2025-12-07,ONEAL
583,2025-12-07,ROXIE
584,2025-12-07,TRANS
585,2025-12-07,SHORT
586,2025-12-07,TENOR
587,2025-12-07,ALEXA
588,2025-12-07,PLAIN
589,2025-12-07,HOLES
590,2025-12-07,POOH
591,2025-12-07,BARRE
592,2025-12-07,EDGAR
593,2025-12-07,AMALA
594,2025-12-07,REN
595,2025-12-07,BEAR
596,2025-12-07,PADME
597,2025-12-07,ORGAN
598,2025-12-07,ORAL
599,2025-12-07,HERA
600,2025-11-30,NIGHT
601,2025-11-30,AGREE
602,2025-11-30,CLARA
603,2025-11-30,HOMER
604,2025-11-30,OOPSY
605,2025-11-30,NACHO
606,2025-11-30,IGLOO
607,2025-11-30,GRAMP
608,2025-11-30,HERES
609,2025-11-30,TEARY
610,2025-11-30,SCAMS
611,2025-11-30,PANEL
612,2025-11-30,ANTSY
613,2025-11-30,STEAL
614,2025-11-30,MOSSY
615,2025-11-30,SPASM
616,2025-11-30,CANTO
617,2025-11-30,ANTES
618,2025-11-30,MESAS
619,2025-11-30,SLYLY
620,2025-11-30,TAROT
621,2025-11-30,ICAME
622,2025-11-30,TEPEE
623,2025-11-30,ALIGN
624,2025-11-30,NADA
625,2025-11-30,TITAN
626,2025-11-30,ACELA
627,2025-11-30,RAPID
628,2025-11-30,OMEGA
629,2025-11-30,TEEN
630,2025-11-30,THROB
631,2025-11-30,HYENA
632,2025-11-30,ADMIT
633,2025-11-30,TRICE
634,2025-11-30,SATES
635,2025-11-30,THATS
636,2025-11-30,HYDRA
637,2025-11-30,REMIT
638,2025-11-30,ONICE
639,2025-11-30,BATES
640,2025-11-30,VOLTS
641,2025-11-30,ASORE
642,2025-11-30,PAGAN
643,2025-11-30,IKID
644,2025-11-30,DANE
645,2025-11-30,VAPID
646,2025-11-30,OSAKA
647,2025-11-30,LOGIN
648,2025-11-30,TRADE
649,2025-11-30,SEN
650,2025-11-23,SWEAR
651,2025-11-23,THANE
652,2025-11-23,OASIS
653,2025-11-23,KREME
654,2025-11-23,EFLAT
655,2025-11-23,STOKE
656,2025-11-23,WHARF
657,2025-11-23,EASEL
658,2025-11-23,ANIMA
659,2025-11-23,RESET
660,2025-11-23,CANAL
661,2025-11-23,ORATE
662,2025-11-23,MAMBA
663,2025-11-23,BLEAK
664,2025-11-23,OUSTS
665,2025-11-23,COMBO
666,2025-11-23,ARALU
667,2025-11-23,NAMES
668,2025-11-23,ATBAT
669,2025-11-23,LEAKS
670,2025-11-23,ACORN
671,2025-11-23,SEPIA
672,2025-11-23,PLAIN
673,2025-11-23,ILLS
674,2025-11-23,COS
675,2025-11-23,ASPIC
676,2025-11-23,CELLO
677,2025-11-23,OPALS
678,2025-11-23,RIIS
679,2025-11-23,NAN
680,2025-11-23,ANGEL
681,2025-11-23,LAUDE
682,2025-11-23,TILES
683,2025-11-23,AVANT
684,2025-11-23,REGS
685,2025-11-23,ALTAR
686,2025-11-23,NAIVE
687,2025-11-23,GULAG
688,2025-11-23,EDENS
689,2025-11-23,LEST
690,2025-11-23,BAKES
691,2025-11-23,EMAIL
692,2025-11-23,LONGO
693,2025-11-23,OUGHT
694,2025-11-23,WRATH
695,2025-11-23,BELOW
696,2025-11-23,AMOUR
697,2025-11-23,KANGA
698,2025-11-23,EIGHT
699,2025-11-23,SLOTH
700,2025-11-19,YAMS
701,2025-11-19,ATOLL
702,2025-11-19,RENEE
703,2025-11-19,DUDES
704,2025-11-19,PEPS
705,2025-11-19,YARD
706,2025-11-19,ATEUP
707,2025-11-19,MONDE
708,2025-11-19,SLEEP
709,2025-11-19,LESS
710,2025-11-19,HALOS
711,2025-11-19,ADULT
712,2025-11-19,NORIA
713,2025-11-19,GRAVY
714,2025-11-19,EYES
715,2025-11-19,HANG
716,2025-11-19,ADORE
717,2025-11-19,LURAY
718,2025-11-19,OLIVE
719,2025-11-19,STAYS
720,2025-11-17,STARS
721,2025-11-17,THROE
722,2025-11-17,IRATE
723,2025-11-17,LEMON
724,2025-11-17,LEER
725,2025-11-17,STILL
726,2025-11-17,THREE
727,2025-11-17,ARAME
728,2025-11-17,ROTOR
729,2025-11-17,SEEN
730,2025-11-17,AAAA
731,2025-11-17,ADDED
732,2025-11-17,NADIR
733,2025-11-17,IGLOO
734,2025-11-17,SEEUP
735,2025-11-17,ANIS
736,2025-11-17,ADAGE
737,2025-11-17,ADDLE
738,2025-11-17,AEIOU
739,2025-11-17,ADROP
740,2025-11-17,BASIN
741,2025-11-17,ROCHE
742,2025-11-17,ARROW
743,2025-11-17,STUPE
744,2025-11-17,SABER
745,2025-11-17,BRASS
746,2025-11-17,AORTA
747,2025-11-17,SCRUB
748,2025-11-17,IHOPE
749,2025-11-17,NEWER
750,2025-11-16,SCARE
751,2025-11-16,ALIEN
752,2025-11-16,LARGE
753,2025-11-16,REAM
754,2025-11-16,ASLY
755,2025-11-16,SAL
756,2025-11-16,CLARA
757,2025-11-16,AIRES
758,2025-11-16,REGAL
759,2025-11-16,ENEMY
760,2025-11-09,ASICS
761,2025-11-09,RANAT
762,2025-11-09,IMDUE
763,2025-11-09,ABUSE
764,2025-11-09,LASER
765,2025-11-09,ARIAL
766,2025-11-09,SAMBA
767,2025-11-09,INDUS
768,2025-11-09,CAUSE
769,2025-11-09,STEER
770,2025-11-09,FIVEK
771,2025-11-09,INANE
772,2025-11-09,FTLEE
773,2025-11-09,THORN
774,2025-11-09,HERO
775,2025-11-09,FIFTH
776,2025-11-09,INTHE
777,2025-11-09,VALOR
778,2025-11-09,ENERO
779,2025-11-09,KEEN
780,2025-11-09,DIRGE
781,2025-11-09,ADORN
782,2025-11-09,RESET
783,2025-11-09,TASER
784,2025-11-09,SLIDE
785,2025-11-09,DARTS
786,2025-11-09,IDEAL
787,2025-11-09,ROSSI
788,2025-11-09,GREED
789,2025-11-09,ENTRE
790,2025-11-09,KUSH
791,2025-11-09,MARIO
792,2025-11-09,IRANI
793,2025-11-09,ATLAS
794,2025-11-09,SIT
795,2025-11-09,MIA
796,2025-11-09,KART
797,2025-11-09,URALS
798,2025-11-09,SINAI
799,2025-11-09,HOIST
800,2025-11-09,DIRTY
801,2025-11-09,ACURA
802,2025-11-09,NOBID
803,2025-11-09,PIED
804,2025-11-09,YODA
805,2025-11-09,DAN
806,2025-11-09,ICOPY
807,2025-11-09,RUBIO
808,2025-11-09,TRIED
809,2025-11-09,YADDA
810,2025-11-05,SWIFT
811,2025-11-05,EARLE
812,2025-11-05,AHEAD
813,2025-11-05,ROAN
814,2025-11-05,SODS
815,2025-11-05,SEARS
816,2025-11-05,WAHOO
817,2025-11-05,IREAD
818,2025-11-05,FLANS
819,2025-11-05,TED
820,2025-11-08,EMOJI
821,2025-11-08,PANES
822,2025-11-08,SLIWA
823,2025-11-08,IKEA
824,2025-11-08,ALC
825,2025-11-08,EPS
826,2025-11-08,MALI
827,2025-11-08,ONIKA
828,2025-11-08,JEWEL
829,2025-11-08,ISAAC
830,2025-11-02,ROCHE
831,2025-11-02,USHER
832,2025-11-02,STUNT
833,2025-11-02,TERRE
834,2025-11-02,SONYS
835,2025-11-02,RUSTS
836,2025-11-02,OSTEO
837,2025-11-02,CHURN
838,2025-11-02,HENRY
839,2025-11-02,ERTES
840,2025-11-02,SIS
841,2025-11-02,SAMOA
842,2025-11-02,GLAND
843,2025-11-02,TERSE
844,2025-11-02,SST
845,2025-11-02,SGTS
846,2025-11-02,ALES
847,2025-11-02,SMART
848,2025-11-02,IONS
849,2025-11-02,SADE
850,2025-11-02,AIRED
851,2025-11-02,SCALE
852,2025-11-02,HAZES
853,2025-11-02,ORECK
854,2025-11-02,TESTS
855,2025-11-02,ASHOT
856,2025-11-02,ICARE
857,2025-11-02,RAZES
858,2025-11-02,ELECT
859,2025-11-02,DESKS
860,2025-11-02,NEWC
861,2025-11-02,AARON
862,2025-11-02,KRONE
863,2025-11-02,ELTON
864,2025-11-02,DEERE
865,2025-11-02,NAKED
866,2025-11-02,EARLE
867,2025-11-02,WROTE
868,2025-11-02,CONOR
869,2025-11-02,NENE
870,2025-11-02,POP
871,2025-11-02,PANEM
872,2025-11-02,UTERO
873,2025-11-02,TIARA
874,2025-11-02,SOLON
875,2025-11-02,PUTS
876,2025-11-02,PATIO
877,2025-11-02,ONEAL
878,2025-11-02,PERRO
879,2025-11-02,MOAN
880,2025-10-26,GHOST
881,2025-10-26,NARCO
882,2025-10-26,AREAS
883,2025-10-26,SPARS
884,2025-10-26,HYDE
885,2025-10-26,GNASH
886,2025-10-26,HARPY
887,2025-10-26,OREAD
888,2025-10-26,SCARE
889,2025-10-26,TOSS
890,2025-10-26,BROOM
891,2025-10-26,OOMPA
892,2025-10-26,OLNEY
893,2025-10-26,SLITS
894,2025-10-26,AAH
895,2025-10-26,BOOS
896,2025-10-26,ROLLA
897,2025-10-26,OMNIA
898,2025-10-26,OPETH
899,2025-10-26,MAYS
900,2025-10-26,SPOOK
901,2025-10-26,CAPRI
902,2025-10-26,APIAN
903,2025-10-26,PAUL
904,2025-10-26,ESME
905,2025-10-26,SCAPE
906,2025-10-26,PAPAS
907,2025-10-26,OPIUM
908,2025-10-26,ORALE
909,2025-10-26,KIN
910,2025-10-26,SIPS
911,2025-10-26,MACAW
912,2025-10-26,ALANA
913,2025-10-26,HUMAN
914,2025-10-26,ITEM
915,2025-10-26,MAHI
916,2025-10-26,SALUT
917,2025-10-26,ICAME
918,2025-10-26,PANAM
919,2025-10-26,SWAN
920,2025-10-26,CLARK
921,2025-10-26,AARON
922,2025-10-26,BRIDE
923,2025-10-26,KEEL
924,2025-10-26,SOL
925,2025-10-26,CAB
926,2025-10-26,LARK
927,2025-10-26,ARIES
928,2025-10-26,RODEO
929,2025-10-26,KNELL
930,2025-10-24,UVA
931,2025-10-24,IPOD
932,2025-10-24,POSTS
933,2025-10-24,TWEE
934,2025-10-24,OATS
935,2025-10-24,PTO
936,2025-10-24,IOWA
937,2025-10-24,UPSET
938,2025-10-24,VOTES
939,2025-10-24,ADS
940,2025-10-20,MATH
941,2025-10-20,AURAL
942,2025-10-20,DRANO
943,2025-10-20,RAINS
944,2025-10-20,ESTAS
945,2025-10-20,MADRE
946,2025-10-20,AURAS
947,2025-10-20,TRAIT
948,2025-10-20,HANNA
949,2025-10-20,LOSS
950,2025-10-20,EXAMS
951,2025-10-20,MACAU
952,2025-10-20,OXIDE
953,2025-10-20,IDA
954,2025-10-20,SST
955,2025-10-20,EMO
956,2025-10-20,XAXIS
957,2025-10-20,ACIDS
958,2025-10-20,MADAT
959,2025-10-20,SUE
960,2025-10-20,RARE
961,2025-10-20,ALUM
962,2025-10-20,POINT
963,2025-10-20,TUBAS
964,2025-10-20,SLIT
965,2025-10-20,PTS
966,2025-10-20,RAOUL
967,2025-10-20,ALIBI
968,2025-10-20,RUNAT
969,2025-10-20,EMTS
970,2025-10-19,CLASS
971,2025-10-19,HALLS
972,2025-10-19,EDGES
973,2025-10-19,SLIPS
974,2025-10-19,SEATS
975,2025-10-19,CHESS
976,2025-10-19,LADLE
977,2025-10-19,ALGIA
978,2025-10-19,SLEPT
979,2025-10-19,SSSSS
980,2025-10-16,TASK
981,2025-10-16,ALTE
982,2025-10-16,PLEAT
983,2025-10-16,SEENA
984,2025-10-16,PUB
985,2025-10-16,TAPS
986,2025-10-16,ALLE
987,2025-10-16,STEEP
988,2025-10-16,KEANU
989,2025-10-16,TAB
1005,2025-10-15,NOCAP
1007,2025-10-15,LLAMA
1009,2025-10-15,YESES
1030,2025-10-15,WXTJ
1031,2025-10-15,MARIA
1032,2025-10-15,ANARM
1033,2025-10-15,STYES
1034,2025-10-15,SSS
1035,2025-10-15,MAS
1036,2025-10-15,WANTS
1037,2025-10-15,XRAYS
1038,2025-10-15,TIRES
1039,2025-10-15,JAMS
1040,2025-10-15,NELLY
1041,2025-10-15,OLLIE
1042,2025-10-15,CLANS
1043,2025-10-15,AIMEE
1044,2025-10-15,PEARS
1045,2025-10-15,NOCAP
1046,2025-10-15,ELLIE
1047,2025-10-15,LLAMA
1048,2025-10-15,LINER
1049,2025-10-15,YESES
1050,2025-10-13,SPA
1051,2025-10-13,PATCH
1052,2025-10-13,OCHOA
1053,2025-10-13,STORY
1054,2025-10-13,ASSN
1055,2025-10-13,SPOSA
1056,2025-10-13,PACTS
1057,2025-10-13,ATHOS
1058,2025-10-13,CORN
1059,2025-10-13,HAY
1060,2025-10-13,ONE
1061,2025-10-13,FILMS
1062,2025-10-13,FARES
1063,2025-10-13,OLIOS
1064,2025-10-13,FLOW
1065,2025-10-13,OFFOF
1066,2025-10-13,NIALL
1067,2025-10-13,ELRIO
1068,2025-10-13,MEOW
1069,2025-10-13,SSS
1070,2025-10-09,CAT
1071,2025-10-09,BLAME
1072,2025-10-09,ROMAN
1073,2025-10-09,UPEND
1074,2025-10-09,VEO
1075,2025-10-09,BRUV
1076,2025-10-09,LOPE
1077,2025-10-09,CAMEO
1078,2025-10-09,AMAN
1079,2025-10-09,TEND
1080,2025-10-08,USC
1081,2025-10-08,PUNTA
1082,2025-10-08,ASSIN
1083,2025-10-08,OBAMA
1084,2025-10-08,CYS
1085,2025-10-08,PAO
1086,2025-10-08,USBC
1087,2025-10-08,UNSAY
1088,2025-10-08,STIMS
1089,2025-10-08,CANA
1090,2025-10-07,PLAYA
1091,2025-10-07,LILAC
1092,2025-10-07,ANORA
1093,2025-10-07,SUNNI
1094,2025-10-07,MSGS
1095,2025-10-07,PLASM
1096,2025-10-07,LINUS
1097,2025-10-07,ALONG
1098,2025-10-07,YARNS
1099,2025-10-07,ACAI
1100,2025-10-06,MID
1101,2025-10-06,TIBET
1102,2025-10-06,IRENE
1103,2025-10-06,STAIR
1104,2025-10-06,HMMM
1105,2025-10-06,TIS
1106,2025-10-06,MIRTH
1107,2025-10-06,IBEAM
1108,2025-10-06,DENIM
1109,2025-10-06,TERM
1110,2025-10-06,CASCA
1111,2025-10-06,ITALS
1112,2025-10-06,DONUT
1113,2025-10-06,ENDER
1114,2025-10-06,REPRO
1115,2025-10-06,CIDER
1116,2025-10-06,ATONE
1117,2025-10-06,SANDP
1118,2025-10-06,CLUER
1119,2025-10-06,ASTRO
1120,2025-10-02,BUM
1121,2025-10-02,LUCA
1122,2025-10-02,AIGHT
1123,2025-10-02,KALI
1124,2025-10-02,ORES
1125,2025-10-02,AKO
1126,2025-10-02,LIAR
1127,2025-10-02,BUGLE
1128,2025-10-02,UCHIS
1129,2025-10-02,MAT
1130,2025-10-01,UNDOC
1131,2025-10-01,MORPH
1132,2025-10-01,ATARI
1133,2025-10-01,METAL
1134,2025-10-01,ISSHE
1135,2025-10-01,UMAMI
1136,2025-10-01,NOTES
1137,2025-10-01,DRATS
1138,2025-10-01,OPRAH
1139,2025-10-01,CHILE
1140,2025-09-30,IMBAD
1141,2025-09-30,SALSA
1142,2025-09-30,AMOON
1143,2025-09-30,ABORC
1144,2025-09-30,COMTE
1145,2025-09-30,ISAAC
1146,2025-09-30,MAMBO
1147,2025-09-30,BLOOM
1148,2025-09-30,ASORT
1149,2025-09-30,DANCE
1150,2025-09-29,ONEBC
1151,2025-09-29,COQUI
1152,2025-09-29,TAUNT
1153,2025-09-29,SHANE
1154,2025-09-29,SLY
1155,2025-09-29,OCTS
1156,2025-09-29,NOAHS
1157,2025-09-29,EQUAL
1158,2025-09-29,BUNNY
1159,2025-09-29,CITE
1160,2025-09-28,LSC
1161,2025-09-28,GATO
1162,2025-09-28,ARENT
1163,2025-09-28,FUEGO
1164,2025-09-28,FELON
1165,2025-09-28,GAFF
1166,2025-09-28,LARUE
1167,2025-09-28,STEEL
1168,2025-09-28,CONGO
1169,2025-09-28,TON
1170,2025-09-23,GAS
1171,2025-09-23,OREOS
1172,2025-09-23,VERVE
1173,2025-09-23,STAG
1174,2025-09-23,ALA
1175,2025-09-23,GOV
1176,2025-09-23,ARES
1177,2025-09-23,SERTA
1178,2025-09-23,OVAL
1179,2025-09-23,SEGA
1180,2025-09-23,CHO
1181,2025-09-23,EBBED
1182,2025-09-23,SCORE
1183,2025-09-23,SUEME
1184,2025-09-23,SAM
1185,2025-09-23,CESS
1186,2025-09-23,HBCU
1187,2025-09-23,OBOES
1188,2025-09-23,ERMA
1189,2025-09-23,DEEM
1190,2025-09-22,BAGEL
1191,2025-09-22,OMAHA
1192,2025-09-22,DOULA
1193,2025-09-22,ORZO
1194,2025-09-22,SEE
1195,2025-09-22,BODOS
1196,2025-09-22,AMORE
1197,2025-09-22,GAUZE
1198,2025-09-22,EHLO
1199,2025-09-22,LAA
1200,2025-09-21,AIS
1201,2025-09-21,RUNK
1202,2025-09-21,ADLIB
1203,2025-09-21,IALS
1204,2025-09-21,OWL
1205,2025-09-21,RA
1206,2025-09-21,AUDIO
1207,2025-09-21,INLAW
1208,2025-09-21,SKILL
1209,2025-09-21,BS
1210,2025-09-18,FIRSTDOWN
1211,2025-09-18,AERIE
1212,2025-09-18,IV
1213,2025-09-18,TAO
1214,2025-09-18,DOO
1215,2025-09-18,RU
1216,2025-09-18,INLET
1217,2025-09-18,DEADLAST
1218,2025-09-18,FIRSTAID
1219,2025-09-18,DEVOID
1220,2025-09-18,OR
1221,2025-09-18,ONE
1222,2025-09-18,WIT
1223,2025-09-18,LA
1224,2025-09-18,NEARED
1225,2025-09-18,OUTLAST
1226,2025-09-18,ARCH
1227,2025-09-18,CERO
1228,2025-09-18,COLAS
1229,2025-09-18,CRIME
1230,2025-09-18,UNC
1231,2025-09-18,CCU
1232,2025-09-18,ACORN
1233,2025-09-18,RELIC
1234,2025-09-18,CRAM
1235,2025-09-18,HOSE
1236,2025-09-16,OHM
1237,2025-09-16,LIEU
1238,2025-09-16,ATARI
1239,2025-09-16,SLAV
1240,2025-09-16,SLY
1241,2025-09-16,OLA
1242,2025-09-16,HITS
1243,2025-09-16,MEALS
1244,2025-09-16,URAL
1245,2025-09-16,IVY
1246,2025-09-15,PGA
1247,2025-09-15,ONEGS
1248,2025-09-15,DAIRY
1249,2025-09-15,SOUS
1250,2025-09-15,HUB
1251,2025-09-15,POD
1252,2025-09-15,GNASH
1253,2025-09-15,AEIOU
1254,2025-09-15,GRUB
1255,2025-09-15,SYS
1256,2025-09-14,FAQS
1257,2025-09-14,ONUS
1258,2025-09-14,HOKIE
1259,2025-09-14,ELLE
1260,2025-09-14,ASET
1261,2025-09-14,HEA
1262,2025-09-14,FOOLS
1263,2025-09-14,ANKLE
1264,2025-09-14,QUIET
1265,2025-09-14,SSE
1266,2025-09-07,ISHAN
1267,2025-09-07,DIARY
1268,2025-09-07,EXITS
1269,2025-09-07,AERIE
1270,2025-09-07,RYE
1271,2025-09-07,IDEA
1272,2025-09-07,SIXER
1273,2025-09-07,HAIRY
1274,2025-09-07,ARTIE
1275,2025-09-07,NYSE
1276,2025-09-07,TINA
1277,2025-09-07,RAZOR
1278,2025-09-07,YEMEN
1279,2025-09-07,AGILE
1280,2025-09-07,NURSE
1281,2025-09-07,RYAN
1282,2025-09-07,TAEGU
1283,2025-09-07,IZMIR
1284,2025-09-07,NOELS
1285,2025-09-07,ARNEE
1286,2025-09-07,LBJ
1287,2025-09-07,LEIA
1288,2025-09-07,SAXBY
1289,2025-09-07,IOUS
1290,2025-09-07,RSS
1291,2025-09-07,SIR
1292,2025-09-07,LAOS
1293,2025-09-07,LEXUS
1294,2025-09-07,BIBS
1295,2025-09-07,JAY
1296,2025-09-07,ELKS
1297,2025-09-07,MAN
1298,2025-09-07,IDINA
1299,2025-09-07,CAV
1300,2025-09-07,UKES
1301,2025-09-07,EMIR
1302,2025-09-07,LAD
1303,2025-09-07,KNICK
1304,2025-09-07,NAE
1305,2025-09-07,MAVS
1306,2025-09-07,BUS
1307,2025-09-07,ALPHA
1308,2025-09-07,PO
1309,2025-09-07,OS
1310,2025-09-07,BOGUS
1311,2025-09-07,DOT
1312,2025-09-07,APB
1313,2025-09-07,BLOOD
1314,2025-09-07,UP
1315,2025-09-07,GO
1316,2025-09-07,SHOUT
1317,2025-09-07,ASS
1318,2025-08-31,SQUAD
1319,2025-08-31,HUNDO
1320,2025-08-31,AESOP
1321,2025-08-31,DEERE
1322,2025-08-31,ENTER
1323,2025-08-31,SHADE
1324,2025-08-31,QUEEN
1325,2025-08-31,UNSET
1326,2025-08-31,ADORE
1327,2025-08-31,DOPER
1328,2025-08-31,JAPAN
1329,2025-08-31,ULTRA
1330,2025-08-31,DARES
1331,2025-08-31,GRANT
1332,2025-08-31,EMPTY
1333,2025-08-31,JUDGE
1334,2025-08-31,ALARM
1335,2025-08-31,PTRAP
1336,2025-08-31,ARENT
1337,2025-08-31,NASTY
1338,2025-08-31,ERUPT
1339,2025-08-31,MINOR
1340,2025-08-31,MCCOY
1341,2025-08-31,YELLS
1342,2025-08-31,EST
1343,2025-08-31,EMMY
1344,2025-08-31,RICE
1345,2025-08-31,UNCLE
1346,2025-08-31,POOLS
1347,2025-08-31,TRYST
1348,2025-08-31,OHILL
1349,2025-08-31,VENUE
1350,2025-08-31,ARENA
1351,2025-08-31,ARCS
1352,2025-08-31,THE
1353,2025-08-31,OVA
1354,2025-08-31,HERA
1355,2025-08-31,INERT
1356,2025-08-31,LUNCH
1357,2025-08-31,LEASE
1358,2025-08-31,LABOR
1359,2025-08-31,INONE
1360,2025-08-31,SNAIL
1361,2025-08-31,PARKA
1362,2025-08-31,DAY
1363,2025-08-31,LISP
1364,2025-08-31,ANNA
1365,2025-08-31,BOARD
1366,2025-08-31,ONIKA
1367,2025-08-31,RELAY
